{"cameraMode":{"drawMode":0,"name":"Shaded","section":"Shading Mode"},"sceneLighting":false,"audioPlay":false,"sceneViewState":{"showFog":true,"showMaterialUpdate":true,"showSkybox":true,"showFlares":true,"showImageEffects":true,"showParticleSystems":true},"in2DMode":false,"pivot":{"x":-37.565433502197269,"y":-6.860378265380859,"z":-19.884855270385743},"rotation":{"x":-0.05431128665804863,"y":0.842454731464386,"z":-0.0864933431148529,"w":-0.5289983749389648},"size":120.01435852050781,"orthographic":false}